{
  "id": "4855436",
  "name": "网页练习",
  "font_family": "iconfont",
  "css_prefix_text": "icon-",
  "description": "",
  "glyphs": [
    {
      "icon_id": "122687",
      "name": "all",
      "font_class": "all1",
      "unicode": "e696",
      "unicode_decimal": 59030
    },
    {
      "icon_id": "122688",
      "name": "back",
      "font_class": "back",
      "unicode": "e697",
      "unicode_decimal": 59031
    },
    {
      "icon_id": "122691",
      "name": "close",
      "font_class": "close",
      "unicode": "e69a",
      "unicode_decimal": 59034
    },
    {
      "icon_id": "122692",
      "name": "comments",
      "font_class": "comments",
      "unicode": "e69b",
      "unicode_decimal": 59035
    },
    {
      "icon_id": "122694",
      "name": "delete",
      "font_class": "delete",
      "unicode": "e69d",
      "unicode_decimal": 59037
    },
    {
      "icon_id": "122695",
      "name": "edit",
      "font_class": "edit",
      "unicode": "e69e",
      "unicode_decimal": 59038
    },
    {
      "icon_id": "122697",
      "name": "favorite",
      "font_class": "favorite",
      "unicode": "e6a0",
      "unicode_decimal": 59040
    },
    {
      "icon_id": "122702",
      "name": "less",
      "font_class": "less",
      "unicode": "e6a5",
      "unicode_decimal": 59045
    },
    {
      "icon_id": "122703",
      "name": "more_unfold",
      "font_class": "moreunfold",
      "unicode": "e6a7",
      "unicode_decimal": 59047
    },
    {
      "icon_id": "122704",
      "name": "more",
      "font_class": "more",
      "unicode": "e6a8",
      "unicode_decimal": 59048
    },
    {
      "icon_id": "122705",
      "name": "pic",
      "font_class": "pic",
      "unicode": "e6aa",
      "unicode_decimal": 59050
    },
    {
      "icon_id": "122706",
      "name": "QRCode",
      "font_class": "qrcode",
      "unicode": "e6ab",
      "unicode_decimal": 59051
    },
    {
      "icon_id": "122707",
      "name": "refresh",
      "font_class": "refresh",
      "unicode": "e6ac",
      "unicode_decimal": 59052
    },
    {
      "icon_id": "122709",
      "name": "search",
      "font_class": "search1",
      "unicode": "e6ad",
      "unicode_decimal": 59053
    },
    {
      "icon_id": "122710",
      "name": "selected",
      "font_class": "selected1",
      "unicode": "e6af",
      "unicode_decimal": 59055
    },
    {
      "icon_id": "122711",
      "name": "set",
      "font_class": "set",
      "unicode": "e6b0",
      "unicode_decimal": 59056
    },
    {
      "icon_id": "122712",
      "name": "Smile",
      "font_class": "smile",
      "unicode": "e6b1",
      "unicode_decimal": 59057
    },
    {
      "icon_id": "122714",
      "name": "success",
      "font_class": "success",
      "unicode": "e6b2",
      "unicode_decimal": 59058
    },
    {
      "icon_id": "122715",
      "name": "survey",
      "font_class": "survey",
      "unicode": "e6b3",
      "unicode_decimal": 59059
    },
    {
      "icon_id": "122720",
      "name": "wrong",
      "font_class": "wrong",
      "unicode": "e6b7",
      "unicode_decimal": 59063
    },
    {
      "icon_id": "122721",
      "name": "account",
      "font_class": "account",
      "unicode": "e6b8",
      "unicode_decimal": 59064
    },
    {
      "icon_id": "122722",
      "name": "add",
      "font_class": "add1",
      "unicode": "e6b9",
      "unicode_decimal": 59065
    },
    {
      "icon_id": "186635",
      "name": "attachment",
      "font_class": "attachment",
      "unicode": "e6c0",
      "unicode_decimal": 59072
    },
    {
      "icon_id": "238499",
      "name": "history",
      "font_class": "history",
      "unicode": "e6f3",
      "unicode_decimal": 59123
    },
    {
      "icon_id": "244729",
      "name": "dollar",
      "font_class": "dollar",
      "unicode": "e702",
      "unicode_decimal": 59138
    },
    {
      "icon_id": "344978",
      "name": "download",
      "font_class": "icondownload",
      "unicode": "e714",
      "unicode_decimal": 59156
    },
    {
      "icon_id": "415771",
      "name": "play",
      "font_class": "iconfontplay2",
      "unicode": "e719",
      "unicode_decimal": 59161
    },
    {
      "icon_id": "424338",
      "name": "stop",
      "font_class": "iconfontstop",
      "unicode": "e71a",
      "unicode_decimal": 59162
    },
    {
      "icon_id": "428474",
      "name": "compass",
      "font_class": "compass",
      "unicode": "e71b",
      "unicode_decimal": 59163
    },
    {
      "icon_id": "428864",
      "name": "share",
      "font_class": "share",
      "unicode": "e71d",
      "unicode_decimal": 59165
    },
    {
      "icon_id": "1099499",
      "name": "trade",
      "font_class": "trade",
      "unicode": "e758",
      "unicode_decimal": 59224
    },
    {
      "icon_id": "2093026",
      "name": "password",
      "font_class": "password",
      "unicode": "e82b",
      "unicode_decimal": 59435
    },
    {
      "icon_id": "5203489",
      "name": "add-account",
      "font_class": "add-account",
      "unicode": "e87a",
      "unicode_decimal": 59514
    },
    {
      "icon_id": "6150960",
      "name": "WIFI",
      "font_class": "WIFI",
      "unicode": "e76c",
      "unicode_decimal": 59244
    },
    {
      "icon_id": "6150966",
      "name": "link",
      "font_class": "link",
      "unicode": "e772",
      "unicode_decimal": 59250
    },
    {
      "icon_id": "6150968",
      "name": "poweroff",
      "font_class": "poweroff",
      "unicode": "e774",
      "unicode_decimal": 59252
    },
    {
      "icon_id": "6150969",
      "name": "key",
      "font_class": "key",
      "unicode": "e775",
      "unicode_decimal": 59253
    },
    {
      "icon_id": "6150970",
      "name": "safety-certificate",
      "font_class": "safety-certificate",
      "unicode": "e776",
      "unicode_decimal": 59254
    },
    {
      "icon_id": "6151070",
      "name": "edit",
      "font_class": "edit1",
      "unicode": "e7a0",
      "unicode_decimal": 59296
    },
    {
      "icon_id": "6151143",
      "name": "delete-fill",
      "font_class": "delete-fill",
      "unicode": "e7ce",
      "unicode_decimal": 59342
    },
    {
      "icon_id": "6151264",
      "name": "picture",
      "font_class": "picture",
      "unicode": "e811",
      "unicode_decimal": 59409
    },
    {
      "icon_id": "6151265",
      "name": "mail",
      "font_class": "mail",
      "unicode": "e812",
      "unicode_decimal": 59410
    },
    {
      "icon_id": "6151292",
      "name": "minus",
      "font_class": "minus",
      "unicode": "e82c",
      "unicode_decimal": 59436
    },
    {
      "icon_id": "6151293",
      "name": "plus",
      "font_class": "plus",
      "unicode": "e82d",
      "unicode_decimal": 59437
    },
    {
      "icon_id": "7549348",
      "name": "搜索",
      "font_class": "RectangleCopy",
      "unicode": "e6a2",
      "unicode_decimal": 59042
    },
    {
      "icon_id": "7549362",
      "name": "设置/管理",
      "font_class": "RectangleCopy1",
      "unicode": "e6a3",
      "unicode_decimal": 59043
    },
    {
      "icon_id": "7549369",
      "name": "关闭",
      "font_class": "RectangleCopy2",
      "unicode": "e6a6",
      "unicode_decimal": 59046
    },
    {
      "icon_id": "7549829",
      "name": "进出",
      "font_class": "RectangleCopy3",
      "unicode": "e6a9",
      "unicode_decimal": 59049
    },
    {
      "icon_id": "7549848",
      "name": "目录",
      "font_class": "RectangleCopy4",
      "unicode": "e6ae",
      "unicode_decimal": 59054
    },
    {
      "icon_id": "33986998",
      "name": "更多",
      "font_class": "gengduo",
      "unicode": "e61e",
      "unicode_decimal": 58910
    },
    {
      "icon_id": "33987002",
      "name": "返回",
      "font_class": "fanhui",
      "unicode": "e61f",
      "unicode_decimal": 58911
    },
    {
      "icon_id": "33987013",
      "name": "关闭",
      "font_class": "guanbi",
      "unicode": "e620",
      "unicode_decimal": 58912
    },
    {
      "icon_id": "33987020",
      "name": "分享 2",
      "font_class": "a-fenxiang2",
      "unicode": "e621",
      "unicode_decimal": 58913
    },
    {
      "icon_id": "33987164",
      "name": "下拉",
      "font_class": "a-xiala2",
      "unicode": "e622",
      "unicode_decimal": 58914
    },
    {
      "icon_id": "33987169",
      "name": "进入",
      "font_class": "jinru",
      "unicode": "e623",
      "unicode_decimal": 58915
    },
    {
      "icon_id": "836537",
      "name": "facebook",
      "font_class": "facebook",
      "unicode": "e6e0",
      "unicode_decimal": 59104
    },
    {
      "icon_id": "7191802",
      "name": "邮箱",
      "font_class": "youxiang",
      "unicode": "e631",
      "unicode_decimal": 58929
    },
    {
      "icon_id": "19446213",
      "name": "推特",
      "font_class": "twitter",
      "unicode": "ea90",
      "unicode_decimal": 60048
    },
    {
      "icon_id": "34452809",
      "name": "customer-add-fill",
      "font_class": "customer-add-fill",
      "unicode": "e827",
      "unicode_decimal": 59431
    },
    {
      "icon_id": "34452812",
      "name": "customer-center",
      "font_class": "customer-center",
      "unicode": "e828",
      "unicode_decimal": 59432
    },
    {
      "icon_id": "34452814",
      "name": "customer-fill",
      "font_class": "customer-fill",
      "unicode": "e829",
      "unicode_decimal": 59433
    },
    {
      "icon_id": "34452817",
      "name": "customer-group-fill",
      "font_class": "customer-group-fill",
      "unicode": "e82a",
      "unicode_decimal": 59434
    },
    {
      "icon_id": "34452956",
      "name": "add",
      "font_class": "add",
      "unicode": "e835",
      "unicode_decimal": 59445
    },
    {
      "icon_id": "34453005",
      "name": "left",
      "font_class": "left",
      "unicode": "e83d",
      "unicode_decimal": 59453
    },
    {
      "icon_id": "34453008",
      "name": "left-arrow",
      "font_class": "left-arrow",
      "unicode": "e83e",
      "unicode_decimal": 59454
    },
    {
      "icon_id": "34453017",
      "name": "loading",
      "font_class": "loading",
      "unicode": "e83f",
      "unicode_decimal": 59455
    },
    {
      "icon_id": "34453041",
      "name": "reduce-btn",
      "font_class": "reduce-btn",
      "unicode": "e840",
      "unicode_decimal": 59456
    },
    {
      "icon_id": "34453042",
      "name": "right-btn",
      "font_class": "right-btn",
      "unicode": "e841",
      "unicode_decimal": 59457
    },
    {
      "icon_id": "34453043",
      "name": "selected",
      "font_class": "selected",
      "unicode": "e842",
      "unicode_decimal": 59458
    },
    {
      "icon_id": "34453045",
      "name": "remind-fill",
      "font_class": "remind-fill",
      "unicode": "e843",
      "unicode_decimal": 59459
    },
    {
      "icon_id": "34453046",
      "name": "right-arrow",
      "font_class": "right-arrow",
      "unicode": "e844",
      "unicode_decimal": 59460
    },
    {
      "icon_id": "34453047",
      "name": "remind-btn-fill",
      "font_class": "remind-btn-fill",
      "unicode": "e845",
      "unicode_decimal": 59461
    },
    {
      "icon_id": "34453048",
      "name": "return",
      "font_class": "return",
      "unicode": "e846",
      "unicode_decimal": 59462
    },
    {
      "icon_id": "34453049",
      "name": "search",
      "font_class": "search",
      "unicode": "e847",
      "unicode_decimal": 59463
    },
    {
      "icon_id": "34453069",
      "name": "up-arrow",
      "font_class": "up-arrow",
      "unicode": "e848",
      "unicode_decimal": 59464
    },
    {
      "icon_id": "34453072",
      "name": "up",
      "font_class": "up",
      "unicode": "e849",
      "unicode_decimal": 59465
    },
    {
      "icon_id": "34453074",
      "name": "upper-right-arrow",
      "font_class": "upper-right-arrow",
      "unicode": "e84a",
      "unicode_decimal": 59466
    },
    {
      "icon_id": "34453162",
      "name": "all",
      "font_class": "all",
      "unicode": "e84b",
      "unicode_decimal": 59467
    },
    {
      "icon_id": "34453163",
      "name": "address-book",
      "font_class": "address-book",
      "unicode": "e84c",
      "unicode_decimal": 59468
    },
    {
      "icon_id": "34453271",
      "name": "point-right",
      "font_class": "point-right",
      "unicode": "e867",
      "unicode_decimal": 59495
    },
    {
      "icon_id": "34453290",
      "name": "tap",
      "font_class": "tap",
      "unicode": "e86d",
      "unicode_decimal": 59501
    },
    {
      "icon_id": "34453291",
      "name": "teaching",
      "font_class": "teaching",
      "unicode": "e86e",
      "unicode_decimal": 59502
    }
  ]
}
